Workbook

Sheet Sheet1
A1: Congruent-Stroop | B1: Incongruent-Stroop | C1: Neutral-Stroop | D1: Congruent-Break | E1: Incongruent-Break | F1: Neutral-Break
A2: 632 | B2: 722 | C2: 579 | D2: 533 | E2: 598 | F2: 531 | H2: =A2-D2 -> 99
A3: 416 | B3: 431 | C3: 442 | D3: 611 | E3: 701 | F3: 609 | H3: =A3-D3 -> -195
A4: 533 | B4: 545 | C4: 532 | D4: 502 | E4: 535 | F4: 468 | H4: =A4-D4 -> 31
A5: 419 | B5: 468 | C5: 411 | D5: 519 | E5: 534 | F5: 530 | H5: =A5-D5 -> -100
A6: 431 | B6: 450 | C6: 481 | D6: 391 | E6: 413 | F6: 414 | H6: =A6-D6 -> 40
A7: 387 | B7: 405 | C7: 399 | D7: 470 | E7: 523 | F7: 480 | H7: =A7-D7 -> -83
A8: 429 | B8: 439 | C8: 458 | D8: 371 | E8: 421 | F8: 387 | H8: =A8-D8 -> 58
A9: 394 | B9: 454 | C9: 439 | D9: 453 | E9: 620 | F9: 502 | H9: =A9-D9 -> -59
A10: 358 | B10: 374 | C10: 369 | D10: 381 | E10: 396 | F10: 382 | H10: =A10-D10 -> -23
A11: 405 | B11: 403 | C11: 395 | D11: 438 | E11: 446 | F11: 473 | H11: =A11-D11 -> -33
A12: 373 | B12: 388 | C12: 386 | D12: 385 | E12: 389 | F12: 386 | H12: =A12-D12 -> -12
A13: 389 | B13: 395 | C13: 374 | D13: 508 | E13: 511 | F13: 524 | H13: =A13-D13 -> -119
... A20: 389 | B20: 423 | C20: 403 | D20: 417 | E20: 449 | F20: 413 | H20: =A20-D20 -> -28

Sheet Sheet2
A1: Congruency | B1: Condition_Type | C1: Response_Time
A2: Congruent | B2: Stroop | C2: 632
A3: Congruent | B3: Stroop | C3: 416
A4: Congruent | B4: Stroop | C4: 533
A5: Congruent | B5: Stroop | C5: 419
A6: Congruent | B6: Stroop | C6: 431
A7: Congruent | B7: Stroop | C7: 387
A8: Congruent | B8: Stroop | C8: 429
A9: Congruent | B9: Stroop | C9: 394
A10: Congruent | B10: Stroop | C10: 358
A11: Congruent | B11: Stroop | C11: 405
A12: Congruent | B12: Stroop | C12: 373
A13: Congruent | B13: Stroop | C13: 389
... A115: Neutral | B115: Break | C115: 413

Sheet Sheet3
A1: Preceding Trial | B1: Difference | D1: Preceding Trial
A2: Stroop - Break | B2: =Sheet1!A2-Sheet1!D2 -> 99
A3: Stroop - Break | B3: =Sheet1!A3-Sheet1!D3 -> -195
A4: Stroop - Break | B4: =Sheet1!A4-Sheet1!D4 -> 31
A5: Stroop - Break | B5: =Sheet1!A5-Sheet1!D5 -> -100
A6: Stroop - Break | B6: =Sheet1!A6-Sheet1!D6 -> 40
A7: Stroop - Break | B7: =Sheet1!A7-Sheet1!D7 -> -83
A8: Stroop - Break | B8: =Sheet1!A8-Sheet1!D8 -> 58
A9: Stroop - Break | B9: =Sheet1!A9-Sheet1!D9 -> -59
A10: Stroop - Break | B10: =Sheet1!A10-Sheet1!D10 -> -23
A11: Stroop - Break | B11: =Sheet1!A11-Sheet1!D11 -> -33
A12: Stroop - Break | B12: =Sheet1!A12-Sheet1!D12 -> -12
A13: Stroop - Break | B13: =Sheet1!A13-Sheet1!D13 -> -119
... A20: Stroop - Break | B20: =Sheet1!A20-Sheet1!D20 -> -28

Sheet Sheet4
A1: Subject | B1: Condition | C1: RT
A2: 1 | B2: Congruent-Stroop | C2: 632
A3: 1 | B3: Incongruent-Stroop | C3: 722
A4: 1 | B4: Neutral-Stroop | C4: 579
A5: 1 | B5: Congruent-Break | C5: 533
A6: 1 | B6: Incongruent-Break | C6: 598
A7: 1 | B7: Neutral-Break | C7: 531
A8: 2 | B8: Congruent-Stroop | C8: 416
A9: 2 | B9: Incongruent-Stroop | C9: 431
A10: 2 | B10: Neutral-Stroop | C10: 442
A11: 2 | B11: Congruent-Break | C11: 611
A12: 2 | B12: Incongruent-Break | C12: 701
A13: 2 | B13: Neutral-Break | C13: 609
... A115: 19 | B115: Neutral-Break | C115: 413
